{
  "config": {
    "latent_dim": 16,
    "lstm_hidden": 64,
    "learning_rate": 0.001,
    "batch_size": 8,
    "epochs": 20
  },
  "score": 0.7692128844371315,
  "timestamp": "2025-09-01T11:08:11.318235"
}