{
  "opt_precision": 0.9056603773584906,
  "opt_recall": 0.676056338028169,
  "max_precision": 1.0,
  "max_recall": 0.014084507042253521,
  "f1_precision": 0.8928571428571429,
  "f1_recall": 0.704225352112676,
  "auc": 0.826018124249372,
  "avg_precision": 0.7872559639102199,
  "timestamp": "2025-08-29T20:59:06.980110"
}