{
  "opt_precision": 0.9230769230769231,
  "opt_recall": 0.676056338028169,
  "max_precision": 1.0,
  "max_recall": 0.014084507042253521,
  "f1_precision": 0.8928571428571429,
  "f1_recall": 0.704225352112676,
  "auc": 0.8057102303744951,
  "avg_precision": 0.7802338213897366,
  "timestamp": "2025-08-31T23:49:40.345346"
}